hash,added,accepted,content_type,name,id,map,placename,position,ingame_xy,data
000daea9f473b54fd46e081beb545a2b866633f7,2016-11-13 05:01:10,0,Aetheryte,Aethernet Shard,51,73,41,"{""map"":{""id"":73,""folder"":""w1t2\/02"",""path"":""w1t2\/w1t2.02.png"",""region"":24,""placename"":41,""zone"":698,""size_factor"":200,""offset_x"":0,""offset_y"":0,""map_marker_range"":62,""hierarchy"":1,""territory_id"":131,""patch"":0},""position"":{""x"":6.6,""y"":-24.8,""z"":30.7},""ingame"":{""x"":11.4,""y"":10.8},""coordinates"":{""x"":11.508740234375,""y"":10.8724609375}}","11.4,10.8",[]
00f65dd709c0eecd05122709649897077b266dff,2017-05-27 11:39:03,0,Aetheryte,Aetheryte,16,30,350,"{""map"":{""id"":30,""folder"":""s1f6\/00"",""path"":""s1f6\/s1f6.00.png"",""region"":22,""placename"":350,""zone"":0,""size_factor"":100,""offset_x"":0,""offset_y"":0,""map_marker_range"":79,""hierarchy"":1,""territory_id"":180,""patch"":0},""position"":{""x"":-117.5,""y"":-212.7,""z"":66},""ingame"":{""x"":19.1,""y"":17.2},""coordinates"":{""x"":19.369018554688,""y"":17.439916992187}}","19.1,17.2",[]
010b8833ebf22579cdbfc49d4acd5ac2bcdb0889,2017-05-27 17:48:18,0,Aetheryte,Aethernet Shard,90,257,2082,"{""map"":{""id"":257,""folder"":""d2t1\/00"",""path"":""d2t1\/d2t1.00.png"",""region"":498,""placename"":2082,""zone"":0,""size_factor"":400,""offset_x"":0,""offset_y"":0,""map_marker_range"":182,""hierarchy"":1,""territory_id"":478,""patch"":0},""position"":{""x"":-75.5,""y"":-21.3,""z"":210.2},""ingame"":{""x"":4.6,""y"":5.7},""coordinates"":{""x"":4.6575927734375,""y"":5.7558837890625}}","4.6,5.7",[]
043e259082434d56b4e48f6898a048bce3822f6c,2016-11-17 15:29:57,0,Aetheryte,Aethernet Shard,30,3,53,"{""map"":{""id"":3,""folder"":""f1t2\/00"",""path"":""f1t2\/f1t2.00.png"",""region"":23,""placename"":53,""zone"":0,""size_factor"":200,""offset_x"":0,""offset_y"":0,""map_marker_range"":4,""hierarchy"":1,""territory_id"":133,""patch"":0},""position"":{""x"":-73.9,""y"":-140.1,""z"":8},""ingame"":{""x"":9.8,""y"":8.4},""coordinates"":{""x"":9.8775146484375,""y"":8.5360595703125}}","9.8,8.4",[]
05659960a2a1ef84e2c1ead1732725dd63a642e1,2016-11-13 13:02:12,0,Aetheryte,Aethernet Shard,64,196,1484,"{""map"":{""id"":196,""folder"":""w1eb\/00"",""path"":""w1eb\/w1eb.00.png"",""region"":24,""placename"":1484,""zone"":1484,""size_factor"":400,""offset_x"":0,""offset_y"":0,""map_marker_range"":147,""hierarchy"":1,""territory_id"":144,""patch"":0},""position"":{""x"":59.1,""y"":63,""z"":23.9},""ingame"":{""x"":7.3,""y"":7.4},""coordinates"":{""x"":7.3850830078125,""y"":7.464111328125}}","7.3,7.4",[]
05961c3cfb7305bfe876e71c115d7a78683e9c84,2017-11-06 23:19:18,0,Aetheryte,Éthérite,111,370,2404,"{""map"":{""id"":370,""folder"":""e3t1\/00"",""path"":""e3t1\/e3t1.00.png"",""region"":2402,""placename"":2404,""zone"":0,""size_factor"":200,""offset_x"":0,""offset_y"":0,""map_marker_range"":280,""hierarchy"":1,""territory_id"":628,""patch"":36},""position"":{""x"":47.5,""y"":-37.3,""z"":8.4},""ingame"":{""x"":12.2,""y"":10.5},""coordinates"":{""x"":12.337524414062,""y"":10.619165039062}}","12.2,10.5",[]
0de170c0cf14bafae3a8886ca4e18ed762891c0a,2017-11-10 15:34:04,0,Aetheryte,Aetheryte,102,369,2408,"{""map"":{""id"":369,""folder"":""g3f3\/00"",""path"":""g3f3\/g3f3.00.png"",""region"":2400,""placename"":2408,""zone"":0,""size_factor"":100,""offset_x"":0,""offset_y"":0,""map_marker_range"":279,""hierarchy"":1,""territory_id"":621,""patch"":36},""position"":{""x"":-652,""y"":-16,""z"":53.4},""ingame"":{""x"":8.4,""y"":21.2},""coordinates"":{""x"":8.5380859375,""y"":21.42578125}}","8.4,21.2",[]
0dee0aaa5a920c1f6650ba052a699d16916c4432,2017-11-07 00:28:41,0,Aetheryte,Aethernet Shard,125,14,41,"{""map"":{""id"":14,""folder"":""w1t2\/01"",""path"":""w1t2\/w1t2.01.png"",""region"":24,""placename"":41,""zone"":373,""size_factor"":200,""offset_x"":0,""offset_y"":0,""map_marker_range"":60,""hierarchy"":1,""territory_id"":131,""patch"":0},""position"":{""x"":131.9,""y"":-29.8,""z"":4.7},""ingame"":{""x"":13.9,""y"":10.7},""coordinates"":{""x"":14.047778320312,""y"":10.771142578125}}","13.9,10.7",[]
0e3435f1f1816f5f57d0602b6602ea20dfa2df43,2017-05-27 18:06:31,0,Aetheryte,Aethernet Shard,65,33,359,"{""map"":{""id"":33,""folder"":""s1fa\/00"",""path"":""s1fa\/s1fa.00.png"",""region"":22,""placename"":359,""zone"":0,""size_factor"":400,""offset_x"":0,""offset_y"":0,""map_marker_range"":137,""hierarchy"":1,""territory_id"":206,""patch"":0},""position"":{""x"":-0.4,""y"":58.6,""z"":23.9},""ingame"":{""x"":6.1,""y"":7.3},""coordinates"":{""x"":6.17939453125,""y"":7.374951171875}}","6.1,7.3",[]
101c8e466bd2d91eb63480bb9f56cf0342b037ac,2017-11-07 09:47:07,0,Aetheryte,Éthérite,106,371,2409,"{""map"":{""id"":371,""folder"":""e3f1\/00"",""path"":""e3f1\/e3f1.00.png"",""region"":2401,""placename"":2409,""zone"":0,""size_factor"":100,""offset_x"":0,""offset_y"":0,""map_marker_range"":281,""hierarchy"":1,""territory_id"":613,""patch"":36},""position"":{""x"":88.2,""y"":-583.4,""z"":4.1},""ingame"":{""x"":23.3,""y"":9.8},""coordinates"":{""x"":23.537255859375,""y"":9.928173828125}}","23.3,9.8",[]
115752f4068e2b883d2e3041f5362c4a5cda8982,2016-11-14 13:21:35,0,Aetheryte,Aetheryte,74,216,2101,"{""map"":{""id"":216,""folder"":""a2f2\/00"",""path"":""a2f2\/a2f2.00.png"",""region"":497,""placename"":2101,""zone"":0,""size_factor"":95,""offset_x"":0,""offset_y"":0,""map_marker_range"":166,""hierarchy"":1,""territory_id"":402,""patch"":0},""position"":{""x"":-722.8,""y"":-593.4,""z"":-182.3},""ingame"":{""x"":8.1,""y"":10.7},""coordinates"":{""x"":8.1955232319079,""y"":10.817642372533}}","8.1,10.7",[]
13afe98c308c96f26392bcfa12c0e62041db8a95,2016-11-20 18:57:36,0,Aetheryte,Aetheryte,73,215,2100,"{""map"":{""id"":215,""folder"":""a2f1\/00"",""path"":""a2f1\/a2f1.00.png"",""region"":497,""placename"":2100,""zone"":0,""size_factor"":95,""offset_x"":0,""offset_y"":0,""map_marker_range"":165,""hierarchy"":1,""territory_id"":401,""patch"":0},""position"":{""x"":-613.2,""y"":-415,""z"":-49.5},""ingame"":{""x"":10.3,""y"":14.3},""coordinates"":{""x"":10.416421669408,""y"":14.432681435033}}","10.3,14.3",[]
14648165d60bb34bf9b1521e964bc61b561312c0,2017-02-18 20:06:22,0,Aetheryte,Aetheryte,75,257,2082,"{""map"":{""id"":257,""folder"":""d2t1\/00"",""path"":""d2t1\/d2t1.00.png"",""region"":498,""placename"":2082,""zone"":0,""size_factor"":400,""offset_x"":0,""offset_y"":0,""map_marker_range"":182,""hierarchy"":1,""territory_id"":478,""patch"":0},""position"":{""x"":71.9,""y"":-18.9,""z"":211.3},""ingame"":{""x"":7.6,""y"":5.7},""coordinates"":{""x"":7.6444580078125,""y"":5.8045166015625}}","7.6,5.7",[]
15d91d3e3d96a76e12553d78e581f0f25f019161,2016-11-17 15:33:23,0,Aetheryte,Aethernet Shard,27,3,53,"{""map"":{""id"":3,""folder"":""f1t2\/00"",""path"":""f1t2\/f1t2.00.png"",""region"":23,""placename"":53,""zone"":0,""size_factor"":200,""offset_x"":0,""offset_y"":0,""map_marker_range"":4,""hierarchy"":1,""territory_id"":133,""patch"":0},""position"":{""x"":121.2,""y"":-229.6,""z"":12.6},""ingame"":{""x"":13.7,""y"":6.7},""coordinates"":{""x"":13.83095703125,""y"":6.7224609375}}","13.7,6.7",[]
16d843e31967d3906a9a3207b2575c1ff15f9416,2017-11-07 09:42:31,0,Aetheryte,Aetheryte,105,371,2409,"{""map"":{""id"":371,""folder"":""e3f1\/00"",""path"":""e3f1\/e3f1.00.png"",""region"":2401,""placename"":2409,""zone"":0,""size_factor"":100,""offset_x"":0,""offset_y"":0,""map_marker_range"":281,""hierarchy"":1,""territory_id"":613,""patch"":36},""position"":{""x"":358.7,""y"":-263.4,""z"":-118.1},""ingame"":{""x"":28.7,""y"":16.2},""coordinates"":{""x"":29.018579101563,""y"":16.412548828125}}","28.7,16.2",[]
19c6903f2fa834d223dc544446a65eebc3f7dac3,2016-11-14 22:32:09,0,Aetheryte,Aetheryte,55,51,358,"{""map"":{""id"":51,""folder"":""s1p1\/00"",""path"":""s1p1\/s1p1.00.png"",""region"":22,""placename"":358,""zone"":0,""size_factor"":400,""offset_x"":-77,""offset_y"":0,""map_marker_range"":83,""hierarchy"":1,""territory_id"":250,""patch"":0},""position"":{""x"":40.9,""y"":-14.8,""z"":5.5},""ingame"":{""x"":5.4,""y"":5.8},""coordinates"":{""x"":5.4559814453125,""y"":5.88759765625}}","5.4,5.8",[]
1c233b8f19cb6fea0c294ff27817ae65e6b07184,2016-11-13 06:12:02,0,Aetheryte,Aetheryte,24,25,67,"{""map"":{""id"":25,""folder"":""l1f1\/01"",""path"":""l1f1\/l1f1.01.png"",""region"":26,""placename"":67,""zone"":0,""size_factor"":100,""offset_x"":0,""offset_y"":0,""map_marker_range"":108,""hierarchy"":1,""territory_id"":156,""patch"":0},""position"":{""x"":40,""y"":-668,""z"":24},""ingame"":{""x"":22.3,""y"":8.1},""coordinates"":{""x"":22.560546875,""y"":8.2138671875}}","22.3,8.1",[]
1c398f8645b8d2c5be1a6d159f1a44d8c4c49bc9,2016-11-14 22:56:06,0,Aetheryte,Aetheryte,18,22,44,"{""map"":{""id"":22,""folder"":""w1f3\/00"",""path"":""w1f3\/w1f3.00.png"",""region"":24,""placename"":44,""zone"":0,""size_factor"":100,""offset_x"":0,""offset_y"":0,""map_marker_range"":41,""hierarchy"":1,""territory_id"":145,""patch"":0},""position"":{""x"":-386.3,""y"":142.6,""z"":-57.2},""ingame"":{""x"":13.8,""y"":24.4},""coordinates"":{""x"":13.922143554688,""y"":24.639599609375}}","13.8,24.4",[]
1d54ba262cdfe48b6ac2c1518b93d39a937a2f73,2016-11-17 15:26:32,0,Aetheryte,Aethernet Shard,28,3,53,"{""map"":{""id"":3,""folder"":""f1t2\/00"",""path"":""f1t2\/f1t2.00.png"",""region"":23,""placename"":53,""zone"":0,""size_factor"":200,""offset_x"":0,""offset_y"":0,""map_marker_range"":4,""hierarchy"":1,""territory_id"":133,""patch"":0},""position"":{""x"":-145.1,""y"":-11.7,""z"":5},""ingame"":{""x"":8.3,""y"":11},""coordinates"":{""x"":8.4347412109375,""y"":11.137915039063}}","8.3,11",[]
2226f1eb389067f6edc350d3a621b3d4025e5b53,2016-11-18 17:55:23,0,Aetheryte,Aetheryte,75,216,2101,"{""map"":{""id"":216,""folder"":""a2f2\/00"",""path"":""a2f2\/a2f2.00.png"",""region"":497,""placename"":2101,""zone"":0,""size_factor"":95,""offset_x"":0,""offset_y"":0,""map_marker_range"":166,""hierarchy"":1,""territory_id"":402,""patch"":0},""position"":{""x"":71.9,""y"":-18.9,""z"":211.3},""ingame"":{""x"":7.6,""y"":5.7},""coordinates"":{""x"":24.29906327097,""y"":22.45912186472}}","7.6,5.7",[]
2582bf94a638e2bef38a451f43effb8edadbdcd0,2016-11-26 02:19:38,0,Aetheryte,Aetheryte,76,212,2000,"{""map"":{""id"":212,""folder"":""d2f1\/00"",""path"":""d2f1\/d2f1.00.png"",""region"":498,""placename"":2000,""zone"":0,""size_factor"":95,""offset_x"":0,""offset_y"":0,""map_marker_range"":162,""hierarchy"":1,""territory_id"":398,""patch"":0},""position"":{""x"":532.7,""y"":30.2,""z"":-48.7},""ingame"":{""x"":33.2,""y"":23.2},""coordinates"":{""x"":33.63656327097,""y"":23.454068153783}}","33.2,23.2",[]
26c4e744e6eadf970f7b573991975de665e3eeaf,2016-11-17 15:28:39,0,Aetheryte,Aethernet Shard,29,3,53,"{""map"":{""id"":3,""folder"":""f1t2\/00"",""path"":""f1t2\/f1t2.00.png"",""region"":23,""placename"":53,""zone"":0,""size_factor"":200,""offset_x"":0,""offset_y"":0,""map_marker_range"":4,""hierarchy"":1,""territory_id"":133,""patch"":0},""position"":{""x"":-311.1,""y"":-177.1,""z"":7.9},""ingame"":{""x"":5,""y"":7.7},""coordinates"":{""x"":5.0709716796875,""y"":7.7863037109375}}","5,7.7",[]
2852eeeead34b21e6f8aa77393765cd925859598,2016-11-15 16:52:46,0,Aetheryte,Aetheryte,75,213,2001,"{""map"":{""id"":213,""folder"":""d2f2\/00"",""path"":""d2f2\/d2f2.00.png"",""region"":498,""placename"":2001,""zone"":0,""size_factor"":95,""offset_x"":0,""offset_y"":0,""map_marker_range"":163,""hierarchy"":1,""territory_id"":399,""patch"":0},""position"":{""x"":71.9,""y"":-18.9,""z"":211.3},""ingame"":{""x"":24,""y"":22.2},""coordinates"":{""x"":24.29906327097,""y"":22.45912186472}}","24,22.2",[]
29f654b4f4a6b46430149cd567d78dbcfad3bced,2017-02-18 20:34:59,0,Aetheryte,Aethernet Shard,25,2,52,"{""map"":{""id"":2,""folder"":""f1t1\/00"",""path"":""f1t1\/f1t1.00.png"",""region"":23,""placename"":52,""zone"":0,""size_factor"":200,""offset_x"":0,""offset_y"":0,""map_marker_range"":3,""hierarchy"":1,""territory_id"":132,""patch"":0},""position"":{""x"":166.6,""y"":86.1,""z"":-1.7},""ingame"":{""x"":14.6,""y"":13},""coordinates"":{""x"":14.750927734375,""y"":13.119702148438}}","14.6,13",[]
2a2bea3f5a9e35f155d41ed57280b0f3baa03e2c,2017-11-07 11:00:57,0,Aetheryte,Aetheryte,101,368,2407,"{""map"":{""id"":368,""folder"":""g3f2\/00"",""path"":""g3f2\/g3f2.00.png"",""region"":2400,""placename"":2407,""zone"":0,""size_factor"":100,""offset_x"":0,""offset_y"":0,""map_marker_range"":278,""hierarchy"":1,""territory_id"":620,""patch"":36},""position"":{""x"":-271.4,""y"":748.9,""z"":259.9},""ingame"":{""x"":16.1,""y"":36.5},""coordinates"":{""x"":16.250439453125,""y"":36.925463867188}}","16.1,36.5",[]
2b420ac259796595e0b7b271eb234dd0591cca3e,2016-11-13 04:22:40,0,Aetheryte,Aethernet Shard,34,13,40,"{""map"":{""id"":13,""folder"":""w1t1\/01"",""path"":""w1t1\/w1t1.01.png"",""region"":24,""placename"":40,""zone"":0,""size_factor"":200,""map_marker_range"":59,""hierarchy"":1,""territory_id"":130,""patch"":0},""position"":{""x"":-154.8,""y"":73.1,""z"":14.6},""ingame"":{""x"":8.2,""y"":12.7},""coordinates"":{""x"":8.23818359375,""y"":12.856274414063}}","8.2,12.7",[]
2d7e858156713a2d9d4e7f85675f317ef88b1d67,2016-12-25 02:24:17,0,Aetheryte,Aethernet Shard,35,145,1333,"{""map"":{""id"":145,""folder"":""w1d7\/00"",""path"":""w1d7\/w1d7.00.png"",""region"":24,""placename"":1333,""zone"":0,""size_factor"":200,""offset_x"":0,""offset_y"":0,""map_marker_range"":58,""hierarchy"":1,""territory_id"":360,""patch"":0},""position"":{""x"":-53.8,""y"":12.2,""z"":10.7},""ingame"":{""x"":10.2,""y"":11.5},""coordinates"":{""x"":10.284814453125,""y"":11.622216796875}}","10.2,11.5",[]
327ca9d89e5045500d69c2445f8cd94d52d2d412,2017-11-06 21:57:49,0,Aetheryte,Aethernet Shard,67,196,1484,"{""map"":{""id"":196,""folder"":""w1eb\/00"",""path"":""w1eb\/w1eb.00.png"",""region"":24,""placename"":1484,""zone"":1484,""size_factor"":400,""offset_x"":0,""offset_y"":0,""map_marker_range"":147,""hierarchy"":1,""territory_id"":144,""patch"":0},""position"":{""x"":114.4,""y"":-38.9,""z"":13.6},""ingame"":{""x"":23.8,""y"":20.7},""coordinates"":{""x"":8.5056640625,""y"":5.3992431640625}}","23.8,20.7",[]
3352ac0163f8e69ae66d78a999f074b988fdf37c,2017-11-06 22:32:50,0,Aetheryte,Aetheryte,9,13,40,"{""map"":{""id"":13,""folder"":""w1t1\/01"",""path"":""w1t1\/w1t1.01.png"",""region"":24,""placename"":40,""zone"":0,""size_factor"":200,""offset_x"":0,""offset_y"":0,""map_marker_range"":59,""hierarchy"":1,""territory_id"":130,""patch"":0},""position"":{""x"":-144.5,""y"":-169.7,""z"":-1.4},""ingame"":{""x"":18.6,""y"":18.1},""coordinates"":{""x"":8.4468994140625,""y"":7.9362548828125}}","18.6,18.1",[]
3589869c20d67e41f6b49859da42ebae5af14a5e,2016-12-25 00:19:02,0,Aetheryte,Aetheryte,9,50,64,"{""map"":{""id"":50,""folder"":""r1r1\/01"",""path"":""r1r1\/r1r1.01.png"",""region"":25,""placename"":64,""zone"":922,""size_factor"":200,""offset_x"":0,""offset_y"":0,""map_marker_range"":104,""hierarchy"":1,""territory_id"":171,""patch"":0},""position"":{""x"":-144.5,""y"":-169.7,""z"":-1.4},""ingame"":{""x"":8.4,""y"":7.9},""coordinates"":{""x"":8.4468994140625,""y"":7.9362548828125}}","8.4,7.9",[]
3ae3ab48c9c8a4fb527feafaed246defec02eece,2016-12-25 22:40:35,0,Aetheryte,Aetheryte,7,7,57,"{""map"":{""id"":7,""folder"":""f1f4\/00"",""path"":""f1f4\/f1f4.00.png"",""region"":23,""placename"":57,""zone"":0,""size_factor"":100,""offset_x"":0,""offset_y"":0,""map_marker_range"":8,""hierarchy"":1,""territory_id"":154,""patch"":0},""position"":{""x"":-41.6,""y"":233.8,""z"":-38.6},""ingame"":{""x"":20.7,""y"":26.2},""coordinates"":{""x"":20.90703125,""y"":26.487646484375}}","20.7,26.2",[]
3fdbfe682f17f35ece5fe1f84c297721654c4b5f,2016-12-16 12:37:12,0,Aetheryte,Aetheryte,5,6,56,"{""map"":{""id"":6,""folder"":""f1f3\/00"",""path"":""f1f3\/f1f3.00.png"",""region"":23,""placename"":56,""zone"":0,""size_factor"":100,""offset_x"":0,""offset_y"":0,""map_marker_range"":7,""hierarchy"":1,""territory_id"":153,""patch"":0},""position"":{""x"":178.6,""y"":-68.2,""z"":10.5},""ingame"":{""x"":25.1,""y"":20.1},""coordinates"":{""x"":25.369091796875,""y"":20.368017578125}}","25.1,20.1",[]
40e119a70d3ed261e32b5343a72d36a827ce27c9,2016-12-25 01:19:40,0,Aetheryte,Aethernet Shard,43,12,29,"{""map"":{""id"":12,""folder"":""s1t2\/00"",""path"":""s1t2\/s1t2.00.png"",""region"":22,""placename"":29,""zone"":0,""size_factor"":200,""offset_x"":0,""offset_y"":0,""map_marker_range"":72,""hierarchy"":1,""territory_id"":129,""patch"":0},""position"":{""x"":-335.2,""y"":56.4,""z"":12.6},""ingame"":{""x"":4.5,""y"":12.4},""coordinates"":{""x"":4.5826171875,""y"":12.51787109375}}","4.5,12.4",[]
417e334453d5d8b6d67c2ec19f957f6627dca02e,2016-11-20 21:03:56,0,Aetheryte,Aethernet Shard,86,219,2301,"{""map"":{""id"":219,""folder"":""r2t2\/00"",""path"":""r2t2\/r2t2.00.png"",""region"":25,""placename"":2301,""zone"":0,""size_factor"":200,""offset_x"":0,""offset_y"":0,""map_marker_range"":160,""hierarchy"":1,""territory_id"":419,""patch"":0},""position"":{""x"":78,""y"":-126.5,""z"":11},""ingame"":{""x"":12.8,""y"":8.7},""coordinates"":{""x"":12.95556640625,""y"":8.8116455078125}}","12.8,8.7",[]
424cf68ed53dd1265f61987135ae5963b7fa4488,2016-12-31 23:28:27,0,Aetheryte,Aethernet Shard,42,11,28,"{""map"":{""id"":11,""folder"":""s1t1\/01"",""path"":""s1t1\/s1t1.01.png"",""region"":22,""placename"":28,""zone"":0,""size_factor"":200,""offset_x"":0,""offset_y"":0,""map_marker_range"":71,""hierarchy"":1,""territory_id"":128,""patch"":0},""position"":{""x"":-56.5,""y"":-131.5,""z"":44.5},""ingame"":{""x"":10.1,""y"":8.6},""coordinates"":{""x"":10.230102539062,""y"":8.7103271484375}}","10.1,8.6",[]
44ba9e343b103e10fef0e75648bc46136af13875,2016-11-13 13:02:12,0,Aetheryte,Aethernet Shard,63,196,1484,"{""map"":{""id"":196,""folder"":""w1eb\/00"",""path"":""w1eb\/w1eb.00.png"",""region"":24,""placename"":1484,""zone"":1484,""size_factor"":400,""offset_x"":0,""offset_y"":0,""map_marker_range"":147,""hierarchy"":1,""territory_id"":144,""patch"":0},""position"":{""x"":-64.7,""y"":54.3,""z"":2.9},""ingame"":{""x"":4.8,""y"":7.2},""coordinates"":{""x"":4.8764404296875,""y"":7.2878173828125}}","4.8,7.2",[]
453d9021abf61d9f817dc8d1bf36fc49ff4c9dc3,2017-05-27 18:39:30,0,Aetheryte,Aethernet Shard,84,219,2301,"{""map"":{""id"":219,""folder"":""r2t2\/00"",""path"":""r2t2\/r2t2.00.png"",""region"":25,""placename"":2301,""zone"":0,""size_factor"":200,""offset_x"":0,""offset_y"":0,""map_marker_range"":160,""hierarchy"":1,""territory_id"":419,""patch"":0},""position"":{""x"":-134.7,""y"":-15.4,""z"":-11.8},""ingame"":{""x"":8.6,""y"":10.9},""coordinates"":{""x"":8.6454833984375,""y"":11.062939453125}}","8.6,10.9",[]
46076b3ef94c59235f7adc785fbb0cf0784efea2,2016-11-25 04:57:17,0,Aetheryte,Aethernet Shard,89,197,1484,"{""map"":{""id"":197,""folder"":""w1ed\/00"",""path"":""w1ed\/w1ed.00.png"",""region"":24,""placename"":1484,""zone"":1500,""size_factor"":400,""offset_x"":0,""offset_y"":0,""map_marker_range"":148,""hierarchy"":1,""territory_id"":388,""patch"":0},""position"":{""x"":50.7,""y"":19.9,""z"":2.9},""ingame"":{""x"":7.1,""y"":6.5},""coordinates"":{""x"":7.2148681640625,""y"":6.5907470703125}}","7.1,6.5",[]
47be1dbe6a8a58d7bfea9c9a5b5affd1c5495b68,2017-11-06 21:57:49,0,Aetheryte,Aethernet Shard,66,196,1484,"{""map"":{""id"":196,""folder"":""w1eb\/00"",""path"":""w1eb\/w1eb.00.png"",""region"":24,""placename"":1484,""zone"":1484,""size_factor"":400,""offset_x"":0,""offset_y"":0,""map_marker_range"":147,""hierarchy"":1,""territory_id"":144,""patch"":0},""position"":{""x"":95.5,""y"":-72.3,""z"":-2.1},""ingame"":{""x"":23.4,""y"":20.1},""coordinates"":{""x"":8.1226806640625,""y"":4.7224365234375}}","23.4,20.1",[]
4a26953723e3a21df1e1b55f7869ebf618cd97f7,2017-11-07 10:45:52,0,Aetheryte,Aetheryte,104,366,2403,"{""map"":{""id"":366,""folder"":""g3t1\/00"",""path"":""g3t1\/g3t1.00.png"",""region"":2400,""placename"":2403,""zone"":0,""size_factor"":200,""offset_x"":0,""offset_y"":0,""map_marker_range"":276,""hierarchy"":1,""territory_id"":635,""patch"":36},""position"":{""x"":78.2,""y"":97.5,""z"":2},""ingame"":{""x"":12.8,""y"":13.2},""coordinates"":{""x"":12.959619140625,""y"":13.350708007812}}","12.8,13.2",[]
4aba8e6fb23a741ebf21047e0ab81890b0e53faf,2016-11-13 04:53:07,0,Aetheryte,Aethernet Shard,35,14,41,"{""map"":{""id"":14,""folder"":""w1t2\/01"",""path"":""w1t2\/w1t2.01.png"",""region"":24,""placename"":41,""zone"":373,""size_factor"":200,""offset_x"":0,""offset_y"":0,""map_marker_range"":60,""hierarchy"":1,""territory_id"":131,""patch"":0},""position"":{""x"":-53.8,""y"":12.2,""z"":10.7},""ingame"":{""x"":10.2,""y"":11.5},""coordinates"":{""x"":10.284814453125,""y"":11.622216796875}}","10.2,11.5",[]
51369d602928953bb4b1ba80f1e63ef63234b592,2017-11-10 15:39:29,0,Aetheryte,Aetheryte,110,372,2411,"{""map"":{""id"":372,""folder"":""e3f3\/00"",""path"":""e3f3\/e3f3.00.png"",""region"":2401,""placename"":2411,""zone"":0,""size_factor"":100,""offset_x"":0,""offset_y"":0,""map_marker_range"":283,""hierarchy"":1,""territory_id"":622,""patch"":36},""position"":{""x"":78.3,""y"":36.3,""z"":119.4},""ingame"":{""x"":23.1,""y"":22.2},""coordinates"":{""x"":23.336645507812,""y"":22.485571289062}}","23.1,22.2",[]
51e065ffe8bce0d445dc8a4b65fdca9caaf00b48,2016-12-16 11:33:26,0,Aetheryte,Aetheryte,11,17,32,"{""map"":{""id"":17,""folder"":""s1f3\/00"",""path"":""s1f3\/s1f3.00.png"",""region"":22,""placename"":32,""zone"":0,""size_factor"":100,""offset_x"":0,""offset_y"":0,""map_marker_range"":76,""hierarchy"":1,""territory_id"":137,""patch"":0},""position"":{""x"":489.2,""y"":468.8,""z"":20.8},""ingame"":{""x"":31.3,""y"":30.9},""coordinates"":{""x"":31.66298828125,""y"":31.249609375}}","31.3,30.9",[]
5337b13a2a0ac07ae73a68a69864d81f02904d97,2016-12-22 23:01:15,0,Aetheryte,Aetheryte,3,4,54,"{""map"":{""id"":4,""folder"":""f1f1\/00"",""path"":""f1f1\/f1f1.00.png"",""region"":23,""placename"":54,""zone"":0,""size_factor"":100,""offset_x"":0,""offset_y"":0,""map_marker_range"":5,""hierarchy"":1,""territory_id"":148,""patch"":0},""position"":{""x"":13.1,""y"":35.9,""z"":0.6},""ingame"":{""x"":21.8,""y"":22.2},""coordinates"":{""x"":22.015454101562,""y"":22.477465820313}}","21.8,22.2",[]
5487aea9433568cf11ceaca776636825baa8fdfe,2017-12-07 18:56:07,0,Aetheryte,Aethernet Shard,121,366,2403,"{""map"":{""id"":366,""folder"":""g3t1\/00"",""path"":""g3t1\/g3t1.00.png"",""region"":2400,""placename"":2403,""zone"":0,""size_factor"":200,""offset_x"":0,""offset_y"":0,""map_marker_range"":276,""hierarchy"":1,""territory_id"":635,""patch"":36},""position"":{""x"":-84.3,""y"":9.3,""z"":0.5},""ingame"":{""x"":9.6,""y"":11.4},""coordinates"":{""x"":9.6667724609375,""y"":11.563452148437}}","9.6,11.4",[]
54dd07d678f806c8f1393ab0de6a2eae40f6de76,2017-11-07 00:16:10,0,Aetheryte,Aetheryte,21,24,46,"{""map"":{""id"":24,""folder"":""w1f5\/00"",""path"":""w1f5\/w1f5.00.png"",""region"":24,""placename"":46,""zone"":0,""size_factor"":100,""offset_x"":0,""offset_y"":0,""map_marker_range"":43,""hierarchy"":1,""territory_id"":147,""patch"":0},""position"":{""x"":21,""y"":454,""z"":8.8},""ingame"":{""x"":21.9,""y"":30.6},""coordinates"":{""x"":22.175537109375,""y"":30.94970703125}}","21.9,30.6",[]
5592b186fcb709c6340bb0e964fbf59c9772fe3a,2016-11-20 21:12:03,0,Aetheryte,Aethernet Shard,85,219,2301,"{""map"":{""id"":219,""folder"":""r2t2\/00"",""path"":""r2t2\/r2t2.00.png"",""region"":25,""placename"":2301,""zone"":0,""size_factor"":200,""offset_x"":0,""offset_y"":0,""map_marker_range"":160,""hierarchy"":1,""territory_id"":419,""patch"":0},""position"":{""x"":-78,""y"":-126.5,""z"":10.6},""ingame"":{""x"":9.7,""y"":8.7},""coordinates"":{""x"":9.79443359375,""y"":8.8116455078125}}","9.7,8.7",[]
55f00d412021471beece6d31d40574af5335babc,2016-11-13 04:48:32,0,Aetheryte,Aethernet Shard,67,196,1484,"{""map"":{""id"":196,""folder"":""w1eb\/00"",""path"":""w1eb\/w1eb.00.png"",""region"":24,""placename"":1484,""zone"":1484,""size_factor"":400,""offset_x"":0,""offset_y"":0,""map_marker_range"":147,""hierarchy"":1,""territory_id"":144,""patch"":0},""position"":{""x"":114.4,""y"":-38.9,""z"":13.6},""ingame"":{""x"":8.4,""y"":5.3},""coordinates"":{""x"":8.5056640625,""y"":5.3992431640625}}","8.4,5.3",[]
57dc124d7f3460817887939af8e334d406aa4e53,2017-05-27 11:16:39,0,Aetheryte,Aethernet Shard,80,218,2300,"{""map"":{""id"":218,""folder"":""r2t1\/00"",""path"":""r2t1\/r2t1.00.png"",""region"":25,""placename"":2300,""zone"":0,""size_factor"":200,""offset_x"":0,""offset_y"":0,""map_marker_range"":159,""hierarchy"":1,""territory_id"":418,""patch"":0},""position"":{""x"":45.8,""y"":1,""z"":24.6},""ingame"":{""x"":12.2,""y"":11.3},""coordinates"":{""x"":12.303076171875,""y"":11.395263671875}}","12.2,11.3",[]
593bd38cd8264be633cb1e02aade4a78ad846508,2017-11-06 21:57:49,0,Aetheryte,Aethernet Shard,64,196,1484,"{""map"":{""id"":196,""folder"":""w1eb\/00"",""path"":""w1eb\/w1eb.00.png"",""region"":24,""placename"":1484,""zone"":1484,""size_factor"":400,""offset_x"":0,""offset_y"":0,""map_marker_range"":147,""hierarchy"":1,""territory_id"":144,""patch"":0},""position"":{""x"":59.1,""y"":63,""z"":23.9},""ingame"":{""x"":22.7,""y"":22.8},""coordinates"":{""x"":7.3850830078125,""y"":7.464111328125}}","22.7,22.8",[]
59bfd43e9891758a44cb49fa0235978f411708d0,2016-11-13 04:20:05,0,Aetheryte,Aethernet Shard,33,13,40,"{""map"":{""id"":13,""folder"":""w1t1\/01"",""path"":""w1t1\/w1t1.01.png"",""region"":24,""placename"":40,""zone"":0,""size_factor"":200,""offset_x"":0,""offset_y"":0,""map_marker_range"":59,""hierarchy"":1,""territory_id"":130,""patch"":0},""position"":{""x"":64.2,""y"":-115.3,""z"":4.5},""ingame"":{""x"":12.5,""y"":8.9},""coordinates"":{""x"":12.675927734375,""y"":9.0385986328125}}","12.5,8.9",[]
5b6b636993b78cb51b83b196c43720da2242768e,2016-11-14 13:21:35,0,Aetheryte,N,2147483647,216,2101,"{""map"":{""id"":216,""folder"":""a2f2\/00"",""path"":""a2f2\/a2f2.00.png"",""region"":497,""placename"":2101,""zone"":0,""size_factor"":95,""map_marker_range"":166,""hierarchy"":1,""territory_id"":402,""patch"":0},""position"":{""x"":0,""y"":0,""z"":0},""ingame"":{""x"":22.6,""y"":22.6},""coordinates"":{""x"":22.842105263158,""y"":22.842105263158}}","22.6,22.6",[]
5bd33b667e58f7bd7228ac26f54e667c1c8bddd1,2016-11-17 15:23:24,0,Aetheryte,Aetheryte,2,2,52,"{""map"":{""id"":2,""folder"":""f1t1\/00"",""path"":""f1t1\/f1t1.00.png"",""region"":23,""placename"":52,""zone"":0,""size_factor"":200,""offset_x"":0,""offset_y"":0,""map_marker_range"":3,""hierarchy"":1,""territory_id"":132,""patch"":0},""position"":{""x"":32.9,""y"":30,""z"":2.7},""ingame"":{""x"":11.9,""y"":11.9},""coordinates"":{""x"":12.041674804687,""y"":11.98291015625}}","11.9,11.9",[]
66c543997cd204d4731b3d9baa1f3cc020f0b20d,2017-05-30 16:01:25,0,Aetheryte,Aethernet Shard,83,215,2100,"{""map"":{""id"":215,""folder"":""a2f1\/00"",""path"":""a2f1\/a2f1.00.png"",""region"":497,""placename"":2100,""zone"":0,""size_factor"":95,""offset_x"":0,""offset_y"":0,""map_marker_range"":165,""hierarchy"":1,""territory_id"":401,""patch"":0},""position"":{""x"":133.4,""y"":-64.8,""z"":-8.9},""ingame"":{""x"":25.2,""y"":21.3},""coordinates"":{""x"":25.545279091283,""y"":21.529019325658}}","25.2,21.3",[]
691866ff79d16052b10806d585234b066ff5fbb7,2017-11-06 23:19:18,0,Aetheryte,Éthérite Urbaine,119,370,2404,"{""map"":{""id"":370,""folder"":""e3t1\/00"",""path"":""e3t1\/e3t1.00.png"",""region"":2402,""placename"":2404,""zone"":0,""size_factor"":200,""offset_x"":0,""offset_y"":0,""map_marker_range"":280,""hierarchy"":1,""territory_id"":628,""patch"":36},""position"":{""x"":24.6,""y"":-153,""z"":7},""ingame"":{""x"":11.7,""y"":8.2},""coordinates"":{""x"":11.873486328125,""y"":8.274658203125}}","11.7,8.2",[]
6bafe6bea6a2531377092a0997da1e0aaf04799d,2016-11-17 16:09:53,0,Aetheryte,Aetheryte,71,211,2200,"{""map"":{""id"":211,""folder"":""r2f1\/00"",""path"":""r2f1\/r2f1.00.png"",""region"":25,""placename"":2200,""zone"":0,""size_factor"":95,""offset_x"":0,""offset_y"":0,""map_marker_range"":161,""hierarchy"":1,""territory_id"":397,""patch"":0},""position"":{""x"":474.9,""y"":708.5,""z"":217.9},""ingame"":{""x"":32.1,""y"":36.8},""coordinates"":{""x"":32.465323036595,""y"":37.198916786595}}","32.1,36.8",[]
6d020902fde88defc34e5231d5e49d63cb66789d,2016-11-13 04:53:04,0,Aetheryte,Aethernet Shard,50,14,41,"{""map"":{""id"":14,""folder"":""w1t2\/01"",""path"":""w1t2\/w1t2.01.png"",""region"":24,""placename"":41,""zone"":373,""size_factor"":200,""offset_x"":0,""offset_y"":0,""map_marker_range"":60,""hierarchy"":1,""territory_id"":131,""patch"":0},""position"":{""x"":-19.3,""y"":72,""z"":14.6},""ingame"":{""x"":10.9,""y"":12.7},""coordinates"":{""x"":10.983911132812,""y"":12.833984375}}","10.9,12.7",[]
6e16eb922c6f90b2d61071f2495ecfae8887cbe8,2016-11-13 13:52:34,0,Aetheryte,Aethernet Shard,33,14,41,"{""map"":{""id"":14,""folder"":""w1t2\/01"",""path"":""w1t2\/w1t2.01.png"",""region"":24,""placename"":41,""zone"":373,""size_factor"":200,""map_marker_range"":60,""hierarchy"":1,""territory_id"":131,""patch"":0},""position"":{""x"":64.2,""y"":-115.3,""z"":4.5},""ingame"":{""x"":12.5,""y"":8.9},""coordinates"":{""x"":12.675927734375,""y"":9.0385986328125}}","12.5,8.9",[]
6e315523f59d034a23edf833a902679a0435dd52,2016-11-15 19:28:28,0,Aetheryte,Aetheryte,17,20,42,"{""map"":{""id"":20,""folder"":""w1f1\/00"",""path"":""w1f1\/w1f1.00.png"",""region"":24,""placename"":42,""zone"":0,""size_factor"":100,""offset_x"":0,""offset_y"":0,""map_marker_range"":40,""hierarchy"":1,""territory_id"":140,""patch"":0},""position"":{""x"":68,""y"":-227,""z"":48.2},""ingame"":{""x"":22.9,""y"":17},""coordinates"":{""x"":23.1279296875,""y"":17.150146484375}}","22.9,17",[]
6e3b1df247649dc1d4ac312133473e4533e4d2b2,2017-05-30 16:01:37,0,Aetheryte,Aetheryte,70,219,2301,"{""map"":{""id"":219,""folder"":""r2t2\/00"",""path"":""r2t2\/r2t2.00.png"",""region"":25,""placename"":2301,""zone"":0,""size_factor"":200,""offset_x"":0,""offset_y"":0,""map_marker_range"":160,""hierarchy"":1,""territory_id"":419,""patch"":0},""position"":{""x"":-64,""y"":44,""z"":11.2},""ingame"":{""x"":10,""y"":12.1},""coordinates"":{""x"":10.078125,""y"":12.2666015625}}","10,12.1",[]
72ef9e5d20af8c9f2892d5025c0cbc633e355447,2017-11-06 23:19:18,0,Aetheryte,Aethernet Shard,117,370,2404,"{""map"":{""id"":370,""folder"":""e3t1\/00"",""path"":""e3t1\/e3t1.00.png"",""region"":2402,""placename"":2404,""zone"":0,""size_factor"":200,""offset_x"":0,""offset_y"":0,""map_marker_range"":280,""hierarchy"":1,""territory_id"":628,""patch"":36},""position"":{""x"":132.4,""y"":83,""z"":13},""ingame"":{""x"":13.9,""y"":12.9},""coordinates"":{""x"":14.05791015625,""y"":13.056884765625}}","13.9,12.9",[]
73e6980ca8e05f0c4779381e1a9e334a2a95112c,2017-11-06 21:57:49,0,Aetheryte,Aethernet Shard,65,196,1484,"{""map"":{""id"":196,""folder"":""w1eb\/00"",""path"":""w1eb\/w1eb.00.png"",""region"":24,""placename"":1484,""zone"":1484,""size_factor"":400,""offset_x"":0,""offset_y"":0,""map_marker_range"":147,""hierarchy"":1,""territory_id"":144,""patch"":0},""position"":{""x"":-0.4,""y"":58.6,""z"":23.9},""ingame"":{""x"":21.5,""y"":22.7},""coordinates"":{""x"":6.17939453125,""y"":7.374951171875}}","21.5,22.7",[]
76d1ab50ae486c940daec9788a901fa23dc12632,2016-12-25 01:22:59,0,Aetheryte,Aethernet Shard,48,11,28,"{""map"":{""id"":11,""folder"":""s1t1\/01"",""path"":""s1t1\/s1t1.01.png"",""region"":22,""placename"":28,""zone"":0,""size_factor"":200,""offset_x"":0,""offset_y"":0,""map_marker_range"":71,""hierarchy"":1,""territory_id"":128,""patch"":0},""position"":{""x"":-5.2,""y"":-218.1,""z"":44.6},""ingame"":{""x"":11.1,""y"":6.9},""coordinates"":{""x"":11.26962890625,""y"":6.9554931640625}}","11.1,6.9",[]
77afcc78b878d22c707b237d090e84028df5614c,2016-11-20 21:12:03,0,Aetheryte,Aetheryte,72,215,2100,"{""map"":{""id"":215,""folder"":""a2f1\/00"",""path"":""a2f1\/a2f1.00.png"",""region"":497,""placename"":2100,""zone"":0,""size_factor"":95,""offset_x"":0,""offset_y"":0,""map_marker_range"":165,""hierarchy"":1,""territory_id"":401,""patch"":0},""position"":{""x"":-615.7,""y"":546.6,""z"":-118.4},""ingame"":{""x"":10.3,""y"":33.5},""coordinates"":{""x"":10.36576248972,""y"":33.918228310033}}","10.3,33.5",[]
792af31e871264e88077f2f880f86f84e51d316f,2016-12-25 03:44:05,0,Aetheryte,Aetheryte,22,24,46,"{""map"":{""id"":24,""folder"":""w1f5\/00"",""path"":""w1f5\/w1f5.00.png"",""region"":24,""placename"":46,""zone"":0,""size_factor"":100,""offset_x"":0,""offset_y"":0,""map_marker_range"":43,""hierarchy"":1,""territory_id"":147,""patch"":0},""position"":{""x"":-26.6,""y"":-30.8,""z"":49.9},""ingame"":{""x"":21,""y"":20.9},""coordinates"":{""x"":21.210986328125,""y"":21.12587890625}}","21,20.9",[]
7af478801706024c93159aef9ab941132ff3d06a,2016-11-20 20:56:57,0,Aetheryte,Aethernet Shard,81,218,2300,"{""map"":{""id"":218,""folder"":""r2t1\/00"",""path"":""r2t1\/r2t1.00.png"",""region"":25,""placename"":2300,""zone"":0,""size_factor"":200,""offset_x"":0,""offset_y"":0,""map_marker_range"":159,""hierarchy"":1,""territory_id"":418,""patch"":0},""position"":{""x"":-111.4,""y"":-27.1,""z"":16.1},""ingame"":{""x"":9,""y"":10.7},""coordinates"":{""x"":9.117626953125,""y"":10.825854492187}}","9,10.7",[]
7f2f0067d445698edac8321ec7a5f3fe4b2719e9,2016-11-13 04:51:58,0,Aetheryte,Aethernet Shard,47,14,41,"{""map"":{""id"":14,""folder"":""w1t2\/01"",""path"":""w1t2\/w1t2.01.png"",""region"":24,""placename"":41,""zone"":373,""size_factor"":200,""offset_x"":0,""offset_y"":0,""map_marker_range"":60,""hierarchy"":1,""territory_id"":131,""patch"":0},""position"":{""x"":89.6,""y"":58.3,""z"":12.9},""ingame"":{""x"":13,""y"":12.4},""coordinates"":{""x"":13.190625,""y"":12.556372070312}}","13,12.4",[]
83fc4e77a83fa3bd2b2f42e5a5b4b646804019fc,2016-11-14 19:09:04,0,Aetheryte,Aethernet Shard,90,213,2001,"{""map"":{""id"":213,""folder"":""d2f2\/00"",""path"":""d2f2\/d2f2.00.png"",""region"":498,""placename"":2001,""zone"":0,""size_factor"":95,""offset_x"":0,""offset_y"":0,""map_marker_range"":163,""hierarchy"":1,""territory_id"":399,""patch"":0},""position"":{""x"":-75.5,""y"":-21.3,""z"":210.2},""ingame"":{""x"":21.1,""y"":22.2},""coordinates"":{""x"":21.312198036595,""y"":22.41048905222}}","21.1,22.2",[]
869d230d70661fbcdd9b9771c184f2203fcfa70d,2016-11-13 04:44:22,0,Aetheryte,Aethernet Shard,36,14,41,"{""map"":{""id"":14,""folder"":""w1t2\/01"",""path"":""w1t2\/w1t2.01.png"",""region"":24,""placename"":41,""zone"":373,""size_factor"":200,""offset_x"":0,""offset_y"":0,""map_marker_range"":60,""hierarchy"":1,""territory_id"":131,""patch"":0},""position"":{""x"":33.5,""y"":113.2,""z"":13.2},""ingame"":{""x"":11.9,""y"":13.5},""coordinates"":{""x"":12.053833007812,""y"":13.66884765625}}","11.9,13.5",[]
89948df8d25814bddc995ed3a2be5966389fb677,2017-05-30 16:49:12,0,Aetheryte,Aetheryte,52,15,30,"{""map"":{""id"":15,""folder"":""s1f1\/00"",""path"":""s1f1\/s1f1.00.png"",""region"":22,""placename"":30,""zone"":0,""size_factor"":100,""offset_x"":0,""offset_y"":0,""map_marker_range"":74,""hierarchy"":1,""territory_id"":134,""patch"":0},""position"":{""x"":228,""y"":-257,""z"":115.5},""ingame"":{""x"":26.1,""y"":16.4},""coordinates"":{""x"":26.3701171875,""y"":16.542236328125}}","26.1,16.4",[]
8bc59d9a1a8e5e09be6e6c1b3a2d0911ee7c4f30,2017-11-10 15:32:29,0,Aetheryte,Éthérite,100,368,2407,"{""map"":{""id"":368,""folder"":""g3f2\/00"",""path"":""g3f2\/g3f2.00.png"",""region"":2400,""placename"":2407,""zone"":0,""size_factor"":100,""offset_x"":0,""offset_y"":0,""map_marker_range"":278,""hierarchy"":1,""territory_id"":620,""patch"":36},""position"":{""x"":114.6,""y"":-747.1,""z"":120.1},""ingame"":{""x"":23.8,""y"":6.5},""coordinates"":{""x"":24.072216796875,""y"":6.6110107421875}}","23.8,6.5",[]
8c7bd360d1400d33867f55d3291023b651533954,2016-12-26 12:23:36,0,Aetheryte,Aetheryte,15,19,34,"{""map"":{""id"":19,""folder"":""s1f5\/00"",""path"":""s1f5\/s1f5.00.png"",""region"":22,""placename"":34,""zone"":0,""size_factor"":100,""offset_x"":0,""offset_y"":0,""map_marker_range"":78,""hierarchy"":1,""territory_id"":139,""patch"":0},""position"":{""x"":437.4,""y"":94.6,""z"":5.5},""ingame"":{""x"":30.3,""y"":23.4},""coordinates"":{""x"":30.613330078125,""y"":23.666943359375}}","30.3,23.4",[]
8cac92629101b9ef75c248acf1eb78ec47309a51,2016-11-25 04:57:17,0,Aetheryte,Aethernet Shard,33,197,1484,"{""map"":{""id"":197,""folder"":""w1ed\/00"",""path"":""w1ed\/w1ed.00.png"",""region"":24,""placename"":1484,""zone"":1500,""size_factor"":400,""offset_x"":0,""offset_y"":0,""map_marker_range"":148,""hierarchy"":1,""territory_id"":388,""patch"":0},""position"":{""x"":64.2,""y"":-115.3,""z"":4.5},""ingame"":{""x"":7.4,""y"":3.8},""coordinates"":{""x"":7.488427734375,""y"":3.8510986328125}}","7.4,3.8",[]
97c45381a475db9bf1bba45c2f3d096057d20734,2016-11-20 21:03:56,0,Aetheryte,Aethernet Shard,87,219,2301,"{""map"":{""id"":219,""folder"":""r2t2\/00"",""path"":""r2t2\/r2t2.00.png"",""region"":25,""placename"":2301,""zone"":0,""size_factor"":200,""offset_x"":0,""offset_y"":0,""map_marker_range"":160,""hierarchy"":1,""territory_id"":419,""patch"":0},""position"":{""x"":0,""y"":-32.5,""z"":16.5},""ingame"":{""x"":11.3,""y"":10.6},""coordinates"":{""x"":11.375,""y"":10.716430664062}}","11.3,10.6",[]
9ce347d1865a06a1dc4fa151f10a7023850b5f7f,2016-12-26 12:03:04,0,Aetheryte,Aetheryte,78,214,2002,"{""map"":{""id"":214,""folder"":""d2f3\/00"",""path"":""d2f3\/d2f3.00.png"",""region"":498,""placename"":2002,""zone"":0,""size_factor"":95,""offset_x"":0,""offset_y"":0,""map_marker_range"":164,""hierarchy"":1,""territory_id"":400,""patch"":0},""position"":{""x"":259.2,""y"":596.9,""z"":-37.7},""ingame"":{""x"":27.8,""y"":34.5},""coordinates"":{""x"":28.094449013158,""y"":34.937491005345}}","27.8,34.5",[]
9e9f2a8da7747d6c9da948f5a572a6834cb72d83,2016-11-20 21:02:58,0,Aetheryte,Aethernet Shard,83,219,2301,"{""map"":{""id"":219,""folder"":""r2t2\/00"",""path"":""r2t2\/r2t2.00.png"",""region"":25,""placename"":2301,""zone"":0,""size_factor"":200,""offset_x"":0,""offset_y"":0,""map_marker_range"":160,""hierarchy"":1,""territory_id"":419,""patch"":0},""position"":{""x"":133.4,""y"":-64.8,""z"":-8.9},""ingame"":{""x"":13.9,""y"":10},""coordinates"":{""x"":14.078173828125,""y"":10.0619140625}}","13.9,10",[]
a4aa586eccd8df69656648492d65ba381185886b,2017-05-27 22:19:01,0,Aetheryte,Aetheryte,13,18,33,"{""map"":{""id"":18,""folder"":""s1f4\/00"",""path"":""s1f4\/s1f4.00.png"",""region"":22,""placename"":33,""zone"":0,""size_factor"":100,""offset_x"":0,""offset_y"":0,""map_marker_range"":77,""hierarchy"":1,""territory_id"":138,""patch"":0},""position"":{""x"":651.5,""y"":513.4,""z"":11.7},""ingame"":{""x"":34.5,""y"":31.8},""coordinates"":{""x"":34.951782226562,""y"":32.153369140625}}","34.5,31.8",[]
a4ab9c92489211572952276c5d194c949ca59b77,2017-11-06 23:19:18,0,Aetheryte,Aethernet Shard,115,370,2404,"{""map"":{""id"":370,""folder"":""e3t1\/00"",""path"":""e3t1\/e3t1.00.png"",""region"":2402,""placename"":2404,""zone"":0,""size_factor"":200,""offset_x"":0,""offset_y"":0,""map_marker_range"":280,""hierarchy"":1,""territory_id"":628,""patch"":36},""position"":{""x"":26.7,""y"":73.4,""z"":4.9},""ingame"":{""x"":11.8,""y"":12.7},""coordinates"":{""x"":11.916040039063,""y"":12.862353515625}}","11.8,12.7",[]
a61807800eaf9e9c71b39c8ed8db4bdad1b1218f,2017-11-07 09:51:11,0,Aetheryte,Aetheryte,109,372,2411,"{""map"":{""id"":372,""folder"":""e3f3\/00"",""path"":""e3f3\/e3f3.00.png"",""region"":2401,""placename"":2411,""zone"":0,""size_factor"":100,""offset_x"":0,""offset_y"":0,""map_marker_range"":283,""hierarchy"":1,""territory_id"":622,""patch"":36},""position"":{""x"":556.1,""y"":340.1,""z"":-16.8},""ingame"":{""x"":32.6,""y"":28.3},""coordinates"":{""x"":33.018627929687,""y"":28.641674804687}}","32.6,28.3",[]
a7b1c966d510706d6aa54fad88553c3f28988631,2016-11-17 15:34:46,0,Aetheryte,Aetheryte,4,5,55,"{""map"":{""id"":5,""folder"":""f1f2\/00"",""path"":""f1f2\/f1f2.00.png"",""region"":23,""placename"":55,""zone"":0,""size_factor"":100,""offset_x"":0,""offset_y"":0,""map_marker_range"":6,""hierarchy"":1,""territory_id"":152,""patch"":0},""position"":{""x"":-186.5,""y"":297.6,""z"":3.8},""ingame"":{""x"":17.8,""y"":27.5},""coordinates"":{""x"":17.970825195312,""y"":27.78046875}}","17.8,27.5",[]
a88fda6e189e91d3b10c4e50165bb12e31f11233,2017-11-06 23:19:18,0,Aetheryte,Aethernet Shard,114,370,2404,"{""map"":{""id"":370,""folder"":""e3t1\/00"",""path"":""e3t1\/e3t1.00.png"",""region"":2402,""placename"":2404,""zone"":0,""size_factor"":200,""offset_x"":0,""offset_y"":0,""map_marker_range"":280,""hierarchy"":1,""territory_id"":628,""patch"":36},""position"":{""x"":27.2,""y"":141.6,""z"":9},""ingame"":{""x"":11.8,""y"":14.1},""coordinates"":{""x"":11.926171875,""y"":14.2443359375}}","11.8,14.1",[]
af1510a51b83b137b2c27033940b628ccdea1070,2016-11-13 04:46:54,0,Aetheryte,Aethernet Shard,68,196,1484,"{""map"":{""id"":196,""folder"":""w1eb\/00"",""path"":""w1eb\/w1eb.00.png"",""region"":24,""placename"":1484,""zone"":1484,""size_factor"":400,""offset_x"":0,""offset_y"":0,""map_marker_range"":147,""hierarchy"":1,""territory_id"":144,""patch"":0},""position"":{""x"":-24.8,""y"":-85.7,""z"":6.2},""ingame"":{""x"":5.6,""y"":4.4},""coordinates"":{""x"":5.6849609375,""y"":4.4509033203125}}","5.6,4.4",[]
b2ceafe0a8f7634ef8e7aa286016d94d4098ad8b,2017-11-07 10:46:10,0,Aetheryte,Aethernet Shard,122,366,2403,"{""map"":{""id"":366,""folder"":""g3t1\/00"",""path"":""g3t1\/g3t1.00.png"",""region"":2400,""placename"":2403,""zone"":0,""size_factor"":200,""offset_x"":0,""offset_y"":0,""map_marker_range"":276,""hierarchy"":1,""territory_id"":635,""patch"":36},""position"":{""x"":101.2,""y"":-115.5,""z"":3.5},""ingame"":{""x"":13.3,""y"":8.9},""coordinates"":{""x"":13.42568359375,""y"":9.0345458984375}}","13.3,8.9",[]
b6eb9280173564906738dbf2c0f3a0f579b96d46,2016-11-13 04:49:40,0,Aetheryte,Aethernet Shard,66,196,1484,"{""map"":{""id"":196,""folder"":""w1eb\/00"",""path"":""w1eb\/w1eb.00.png"",""region"":24,""placename"":1484,""zone"":1484,""size_factor"":400,""offset_x"":0,""offset_y"":0,""map_marker_range"":147,""hierarchy"":1,""territory_id"":144,""patch"":0},""position"":{""x"":95.5,""y"":-72.3,""z"":-2.1},""ingame"":{""x"":8,""y"":4.7},""coordinates"":{""x"":8.1226806640625,""y"":4.7224365234375}}","8,4.7",[]
b7959f1dd62967df289252f935128aeb2e7120df,2017-11-06 21:57:49,0,Aetheryte,Aetheryte,62,196,1484,"{""map"":{""id"":196,""folder"":""w1eb\/00"",""path"":""w1eb\/w1eb.00.png"",""region"":24,""placename"":1484,""zone"":1484,""size_factor"":400,""offset_x"":0,""offset_y"":0,""map_marker_range"":147,""hierarchy"":1,""territory_id"":144,""patch"":0},""position"":{""x"":-0,""y"":-0,""z"":3.5},""ingame"":{""x"":21.5,""y"":21.5},""coordinates"":{""x"":6.1875,""y"":6.1875}}","21.5,21.5",[]
bba69dff7c0068d858608e8b503a1fedd0780425,2016-12-25 02:11:58,0,Aetheryte,Aethernet Shard,37,73,41,"{""map"":{""id"":73,""folder"":""w1t2\/02"",""path"":""w1t2\/w1t2.02.png"",""region"":24,""placename"":41,""zone"":698,""size_factor"":200,""offset_x"":0,""offset_y"":0,""map_marker_range"":62,""hierarchy"":1,""territory_id"":131,""patch"":0},""position"":{""x"":-98.3,""y"":88.5,""z"":42.3},""ingame"":{""x"":9.3,""y"":13},""coordinates"":{""x"":9.3830810546875,""y"":13.168334960938}}","9.3,13",[]
c2421fa7d3fd21bfb55dc9a1513b712c2b0e8139,2017-11-06 23:19:18,0,Aetheryte,Éthérite Urbaine,116,370,2404,"{""map"":{""id"":370,""folder"":""e3t1\/00"",""path"":""e3t1\/e3t1.00.png"",""region"":2402,""placename"":2404,""zone"":0,""size_factor"":200,""offset_x"":0,""offset_y"":0,""map_marker_range"":280,""hierarchy"":1,""territory_id"":628,""patch"":36},""position"":{""x"":-76,""y"":-161.2,""z"":19.1},""ingame"":{""x"":9.7,""y"":8},""coordinates"":{""x"":9.8349609375,""y"":8.10849609375}}","9.7,8",[]
c2896405b21837d39e6ed66b2a4a9800ccf5b895,2016-12-24 23:27:33,0,Aetheryte,Aetheryte,10,9,61,"{""map"":{""id"":9,""folder"":""f1r1\/00"",""path"":""f1r1\/f1r1.00.png"",""region"":23,""placename"":61,""zone"":0,""size_factor"":200,""offset_x"":0,""offset_y"":0,""map_marker_range"":21,""hierarchy"":1,""territory_id"":169,""patch"":0},""position"":{""x"":156.1,""y"":673.2,""z"":15.5},""ingame"":{""x"":14.4,""y"":24.7},""coordinates"":{""x"":14.538159179688,""y"":25.01650390625}}","14.4,24.7",[]
c39092777bbee9e4a8e49da567f46a9151a41058,2017-11-06 23:36:54,0,Aetheryte,Aethernet Shard,113,370,2404,"{""map"":{""id"":370,""folder"":""e3t1\/00"",""path"":""e3t1\/e3t1.00.png"",""region"":2402,""placename"":2404,""zone"":0,""size_factor"":200,""offset_x"":0,""offset_y"":0,""map_marker_range"":280,""hierarchy"":1,""territory_id"":628,""patch"":36},""position"":{""x"":-113.6,""y"":155.4,""z"":-3.9},""ingame"":{""x"":9,""y"":14.4},""coordinates"":{""x"":9.073046875,""y"":14.523974609375}}","9,14.4",[]
c3ea714114b0390e86ebf6466ed9eb8187058531,2017-11-10 14:56:14,0,Aetheryte,Aetheryte,108,354,2410,"{""map"":{""id"":354,""folder"":""e3f2\/00"",""path"":""e3f2\/e3f2.00.png"",""region"":2401,""placename"":2410,""zone"":0,""size_factor"":100,""offset_x"":0,""offset_y"":0,""map_marker_range"":282,""hierarchy"":1,""territory_id"":614,""patch"":32},""position"":{""x"":246,""y"":-401.4,""z"":9.1},""ingame"":{""x"":26.4,""y"":13.5},""coordinates"":{""x"":26.73486328125,""y"":13.616162109375}}","26.4,13.5",[]
c4809c573b82399d98ab803222c6771de49e3469,2017-05-27 11:31:50,0,Aetheryte,Aetheryte,70,218,2300,"{""map"":{""id"":218,""folder"":""r2t1\/00"",""path"":""r2t1\/r2t1.00.png"",""region"":25,""placename"":2300,""zone"":0,""size_factor"":200,""offset_x"":0,""offset_y"":0,""map_marker_range"":159,""hierarchy"":1,""territory_id"":418,""patch"":0},""position"":{""x"":-64,""y"":44,""z"":11.2},""ingame"":{""x"":10,""y"":12.1},""coordinates"":{""x"":10.078125,""y"":12.2666015625}}","10,12.1",[]
c775ca16ccbc86ef45ebd9d3dd842f22e8f0dd8f,2017-05-27 11:31:50,0,Aetheryte,Aethernet Shard,82,218,2300,"{""map"":{""id"":218,""folder"":""r2t1\/00"",""path"":""r2t1\/r2t1.00.png"",""region"":25,""placename"":2300,""zone"":0,""size_factor"":200,""offset_x"":0,""offset_y"":0,""map_marker_range"":159,""hierarchy"":1,""territory_id"":418,""patch"":0},""position"":{""x"":49.4,""y"":66.7,""z"":-11.2},""ingame"":{""x"":12.2,""y"":12.6},""coordinates"":{""x"":12.376025390625,""y"":12.726586914063}}","12.2,12.6",[]
c8e6c9da0bf57a2a26cae5b63089bde67dcfdd77,2017-11-07 11:01:37,0,Aetheryte,Éthérite,103,369,2408,"{""map"":{""id"":369,""folder"":""g3f3\/00"",""path"":""g3f3\/g3f3.00.png"",""region"":2400,""placename"":2408,""zone"":0,""size_factor"":100,""offset_x"":0,""offset_y"":0,""map_marker_range"":279,""hierarchy"":1,""territory_id"":621,""patch"":36},""position"":{""x"":612.5,""y"":656.8,""z"":84.5},""ingame"":{""x"":33.8,""y"":34.6},""coordinates"":{""x"":34.161499023438,""y"":35.0591796875}}","33.8,34.6",[]
cf474f79a63c85b3d366fa7ed332cfcb425e63fc,2017-01-03 01:18:32,0,Aetheryte,Aetheryte,8,12,29,"{""map"":{""id"":12,""folder"":""s1t2\/00"",""path"":""s1t2\/s1t2.00.png"",""region"":22,""placename"":29,""zone"":0,""size_factor"":200,""offset_x"":0,""offset_y"":0,""map_marker_range"":72,""hierarchy"":1,""territory_id"":129,""patch"":0},""position"":{""x"":-84,""y"":0,""z"":20.8},""ingame"":{""x"":9.6,""y"":11.3},""coordinates"":{""x"":9.6728515625,""y"":11.375}}","9.6,11.3",[]
cfb06dfef2539c36398488aa434685ce9476e34e,2017-11-07 00:07:45,0,Aetheryte,Aetheryte,53,1,21,"{""map"":{""id"":1,""folder"":""default\/00"",""path"":""default\/default.00.png"",""region"":2405,""placename"":21,""zone"":0,""size_factor"":100,""offset_x"":0,""offset_y"":0,""map_marker_range"":0,""hierarchy"":1,""territory_id"":1,""patch"":0},""position"":{""x"":-16.2,""y"":-166.6,""z"":0.3},""ingame"":{""x"":21.2,""y"":18.2},""coordinates"":{""x"":21.421728515625,""y"":18.374072265625}}","21.2,18.2",[]
d06a66555742484549cf6334e58b5dd630a97be1,2016-12-20 22:28:34,0,Aetheryte,Aetheryte,6,6,56,"{""map"":{""id"":6,""folder"":""f1f3\/00"",""path"":""f1f3\/f1f3.00.png"",""region"":23,""placename"":56,""zone"":0,""size_factor"":100,""offset_x"":0,""offset_y"":0,""map_marker_range"":7,""hierarchy"":1,""territory_id"":153,""patch"":0},""position"":{""x"":-230.1,""y"":355.5,""z"":22.6},""ingame"":{""x"":16.9,""y"":28.6},""coordinates"":{""x"":17.087329101562,""y"":28.953735351562}}","16.9,28.6",[]
d15360a0cb5a620d5837d67281ed9fb914e41371,2017-11-06 21:57:49,0,Aetheryte,Aethernet Shard,68,196,1484,"{""map"":{""id"":196,""folder"":""w1eb\/00"",""path"":""w1eb\/w1eb.00.png"",""region"":24,""placename"":1484,""zone"":1484,""size_factor"":400,""offset_x"":0,""offset_y"":0,""map_marker_range"":147,""hierarchy"":1,""territory_id"":144,""patch"":0},""position"":{""x"":-24.8,""y"":-85.7,""z"":6.2},""ingame"":{""x"":21,""y"":19.8},""coordinates"":{""x"":5.6849609375,""y"":4.4509033203125}}","21,19.8",[]
d2c9078f02330063f0a5d69844b7a2cd20c234a3,2016-12-26 12:00:43,0,Aetheryte,Aetheryte,79,214,2002,"{""map"":{""id"":214,""folder"":""d2f3\/00"",""path"":""d2f3\/d2f3.00.png"",""region"":498,""placename"":2002,""zone"":0,""size_factor"":95,""offset_x"":0,""offset_y"":0,""map_marker_range"":164,""hierarchy"":1,""territory_id"":400,""patch"":0},""position"":{""x"":-585,""y"":313.4,""z"":52.8},""ingame"":{""x"":10.9,""y"":28.9},""coordinates"":{""x"":10.987857216283,""y"":29.192740028783}}","10.9,28.9",[]
d48de9556cfc52032cf69d8fd6312b05c373f69f,2017-11-06 23:19:18,0,Aetheryte,Éthérite Urbaine,112,370,2404,"{""map"":{""id"":370,""folder"":""e3t1\/00"",""path"":""e3t1\/e3t1.00.png"",""region"":2402,""placename"":2404,""zone"":0,""size_factor"":200,""offset_x"":0,""offset_y"":0,""map_marker_range"":280,""hierarchy"":1,""territory_id"":628,""patch"":36},""position"":{""x"":-73.2,""y"":-77.8,""z"":-6.1},""ingame"":{""x"":9.8,""y"":9.7},""coordinates"":{""x"":9.89169921875,""y"":9.798486328125}}","9.8,9.7",[]
d6bd7a427fffd5844aa225b2d94454848ad905c6,2016-12-25 00:22:02,0,Aetheryte,Aetheryte,12,17,32,"{""map"":{""id"":17,""folder"":""s1f3\/00"",""path"":""s1f3\/s1f3.00.png"",""region"":22,""placename"":32,""zone"":0,""size_factor"":100,""offset_x"":0,""offset_y"":0,""map_marker_range"":76,""hierarchy"":1,""territory_id"":137,""patch"":0},""position"":{""x"":-18.4,""y"":3.8,""z"":72.7},""ingame"":{""x"":21.1,""y"":21.6},""coordinates"":{""x"":21.3771484375,""y"":21.827001953125}}","21.1,21.6",[]
d76b79563b8cf4a0ae6e8bdea5ba864ec5e96c29,2017-01-03 01:38:46,0,Aetheryte,Aetheryte,10,16,31,"{""map"":{""id"":16,""folder"":""s1f2\/00"",""path"":""s1f2\/s1f2.00.png"",""region"":22,""placename"":31,""zone"":0,""size_factor"":100,""offset_x"":0,""offset_y"":0,""map_marker_range"":75,""hierarchy"":1,""territory_id"":135,""patch"":0},""position"":{""x"":156.1,""y"":673.2,""z"":15.5},""ingame"":{""x"":24.6,""y"":35},""coordinates"":{""x"":24.913159179687,""y"":35.39150390625}}","24.6,35",[]
d802fd962d4f6c7ecd3d388340032d577dc8b8da,2016-11-13 13:43:48,0,Aetheryte,Aetheryte,62,196,1484,"{""map"":{""id"":196,""folder"":""w1eb\/00"",""path"":""w1eb\/w1eb.00.png"",""region"":24,""placename"":1484,""zone"":1484,""size_factor"":400,""offset_x"":0,""offset_y"":0,""map_marker_range"":147,""hierarchy"":1,""territory_id"":144,""patch"":0},""position"":{""x"":-0,""y"":-0,""z"":3.5},""ingame"":{""x"":6.1,""y"":6.1},""coordinates"":{""x"":6.1875,""y"":6.1875}}","6.1,6.1",[]
d89c35a1bb91a7348f30168b91d559bb5b953b24,2016-12-22 23:34:48,0,Aetheryte,Aetheryte,23,53,63,"{""map"":{""id"":53,""folder"":""r1f1\/00"",""path"":""r1f1\/r1f1.00.png"",""region"":25,""placename"":63,""zone"":0,""size_factor"":100,""offset_x"":0,""offset_y"":0,""map_marker_range"":102,""hierarchy"":1,""territory_id"":155,""patch"":0},""position"":{""x"":224,""y"":-234.9,""z"":315.8},""ingame"":{""x"":26,""y"":16.8},""coordinates"":{""x"":26.2890625,""y"":16.990063476563}}","26,16.8",[]
daaa9278091ab8e866d80fc0306e9b282af27ce5,2017-11-06 22:36:07,0,Aetheryte,Aetheryte,53,21,43,"{""map"":{""id"":21,""folder"":""w1f2\/00"",""path"":""w1f2\/w1f2.00.png"",""region"":24,""placename"":43,""zone"":0,""size_factor"":100,""offset_x"":0,""offset_y"":0,""map_marker_range"":39,""hierarchy"":1,""territory_id"":141,""patch"":0},""position"":{""x"":-16.2,""y"":-166.6,""z"":0.3},""ingame"":{""x"":10.9,""y"":7.9},""coordinates"":{""x"":21.421728515625,""y"":18.374072265625}}","10.9,7.9",[]
de3fab44a37a8403d280949902ddbb4ad851450c,2017-01-03 01:17:58,0,Aetheryte,Aethernet Shard,44,12,29,"{""map"":{""id"":12,""folder"":""s1t2\/00"",""path"":""s1t2\/s1t2.00.png"",""region"":22,""placename"":29,""zone"":0,""size_factor"":200,""offset_x"":0,""offset_y"":0,""map_marker_range"":72,""hierarchy"":1,""territory_id"":129,""patch"":0},""position"":{""x"":-179.4,""y"":183,""z"":4.8},""ingame"":{""x"":7.7,""y"":14.9},""coordinates"":{""x"":7.739697265625,""y"":15.083251953125}}","7.7,14.9",[]
e397f79c417df22843b57fc8c0aeb3bd2fa5c8b2,2016-11-13 13:46:02,0,Aetheryte,Aethernet Shard,41,11,28,"{""map"":{""id"":11,""folder"":""s1t1\/01"",""path"":""s1t1\/s1t1.01.png"",""region"":22,""placename"":28,""zone"":0,""size_factor"":200,""offset_x"":0,""offset_y"":0,""map_marker_range"":71,""hierarchy"":1,""territory_id"":128,""patch"":0},""position"":{""x"":16.1,""y"":68.8,""z"":40.8},""ingame"":{""x"":11.6,""y"":12.6},""coordinates"":{""x"":11.701245117188,""y"":12.769140625}}","11.6,12.6",[]
e5f335a6ed0814d432c25043e46baac05ad0e5ae,2017-11-06 23:19:18,0,Aetheryte,Aethernet Shard,118,370,2404,"{""map"":{""id"":370,""folder"":""e3t1\/00"",""path"":""e3t1\/e3t1.00.png"",""region"":2402,""placename"":2404,""zone"":0,""size_factor"":200,""offset_x"":0,""offset_y"":0,""map_marker_range"":280,""hierarchy"":1,""territory_id"":628,""patch"":36},""position"":{""x"":119.1,""y"":-92.9,""z"":13},""ingame"":{""x"":13.6,""y"":9.4},""coordinates"":{""x"":13.788403320313,""y"":9.4925048828125}}","13.6,9.4",[]
e707e69789d93660686c47f83778a09f525786a6,2017-11-06 21:57:49,0,Aetheryte,Aethernet Shard,63,196,1484,"{""map"":{""id"":196,""folder"":""w1eb\/00"",""path"":""w1eb\/w1eb.00.png"",""region"":24,""placename"":1484,""zone"":1484,""size_factor"":400,""offset_x"":0,""offset_y"":0,""map_marker_range"":147,""hierarchy"":1,""territory_id"":144,""patch"":0},""position"":{""x"":-64.7,""y"":54.3,""z"":2.9},""ingame"":{""x"":20.2,""y"":22.6},""coordinates"":{""x"":4.8764404296875,""y"":7.2878173828125}}","20.2,22.6",[]
e7356155ff334ddbdbbc7e8c61e77c5ebbcd047b,2016-11-17 14:32:42,0,Aetheryte,Aetheryte,20,23,45,"{""map"":{""id"":23,""folder"":""w1f4\/01"",""path"":""w1f4\/w1f4.01.png"",""region"":24,""placename"":45,""zone"":0,""size_factor"":100,""offset_x"":0,""offset_y"":0,""map_marker_range"":42,""hierarchy"":1,""territory_id"":146,""patch"":0},""position"":{""x"":-326.6,""y"":406.6,""z"":10.7},""ingame"":{""x"":15,""y"":29.6},""coordinates"":{""x"":15.131884765625,""y"":29.989208984375}}","15,29.6",[]
e80520cdbbab11ee039a2c55da7b4e6966d0b37f,2017-11-10 14:40:58,0,Aetheryte,Aetheryte,98,367,2406,"{""map"":{""id"":367,""folder"":""g3f1\/00"",""path"":""g3f1\/g3f1.00.png"",""region"":2400,""placename"":2406,""zone"":0,""size_factor"":100,""offset_x"":0,""offset_y"":0,""map_marker_range"":277,""hierarchy"":1,""territory_id"":612,""patch"":36},""position"":{""x"":-629.1,""y"":-509.1,""z"":132.9},""ingame"":{""x"":8.9,""y"":11.3},""coordinates"":{""x"":9.0021240234375,""y"":11.433764648437}}","8.9,11.3",[]
ec838a40668aa65cadc6700a905a3c89468b4fe3,2017-11-07 11:02:31,0,Aetheryte,Éthérite,99,367,2406,"{""map"":{""id"":367,""folder"":""g3f1\/00"",""path"":""g3f1\/g3f1.00.png"",""region"":2400,""placename"":2406,""zone"":0,""size_factor"":100,""offset_x"":0,""offset_y"":0,""map_marker_range"":277,""hierarchy"":1,""territory_id"":612,""patch"":36},""position"":{""x"":415.3,""y"":246.8,""z"":117.4},""ingame"":{""x"":29.8,""y"":26.4},""coordinates"":{""x"":30.165502929687,""y"":26.75107421875}}","29.8,26.4",[]
ed445f4703e01eca5a604a300c17eb1d8e82cbd6,2016-11-25 04:57:17,0,Aetheryte,Aethernet Shard,69,197,1484,"{""map"":{""id"":197,""folder"":""w1ed\/00"",""path"":""w1ed\/w1ed.00.png"",""region"":24,""placename"":1484,""zone"":1500,""size_factor"":400,""offset_x"":0,""offset_y"":0,""map_marker_range"":148,""hierarchy"":1,""territory_id"":388,""patch"":0},""position"":{""x"":-16,""y"":-33.4,""z"":2.9},""ingame"":{""x"":5.8,""y"":5.5},""coordinates"":{""x"":5.86328125,""y"":5.510693359375}}","5.8,5.5",[]
f323113ba6903d76e23fbc2fbe6028aaabaf82c3,2016-11-13 04:20:50,0,Aetheryte,Aetheryte,9,13,40,"{""map"":{""id"":13,""folder"":""w1t1\/01"",""path"":""w1t1\/w1t1.01.png"",""region"":24,""placename"":40,""zone"":0,""size_factor"":200,""offset_x"":0,""offset_y"":0,""map_marker_range"":59,""hierarchy"":1,""territory_id"":130,""patch"":0},""position"":{""x"":-144.5,""y"":-169.7,""z"":-1.4},""ingame"":{""x"":8.4,""y"":7.9},""coordinates"":{""x"":8.4468994140625,""y"":7.9362548828125}}","8.4,7.9",[]
f427b825294990018b69ff2a31e2db9f2a68c5ea,2016-11-13 04:46:54,0,Aetheryte,Aethernet Shard,65,196,1484,"{""map"":{""id"":196,""folder"":""w1eb\/00"",""path"":""w1eb\/w1eb.00.png"",""region"":24,""placename"":1484,""zone"":1484,""size_factor"":400,""offset_x"":0,""offset_y"":0,""map_marker_range"":147,""hierarchy"":1,""territory_id"":144,""patch"":0},""position"":{""x"":-0.4,""y"":58.6,""z"":23.9},""ingame"":{""x"":6.1,""y"":7.3},""coordinates"":{""x"":6.17939453125,""y"":7.374951171875}}","6.1,7.3",[]
f66c7c3ed49bb0c147c249bdd24f0f45f2fbf863,2017-11-10 14:52:32,0,Aetheryte,Aetheryte,107,354,2410,"{""map"":{""id"":354,""folder"":""e3f2\/00"",""path"":""e3f2\/e3f2.00.png"",""region"":2401,""placename"":2410,""zone"":0,""size_factor"":100,""offset_x"":0,""offset_y"":0,""map_marker_range"":282,""hierarchy"":1,""territory_id"":614,""patch"":32},""position"":{""x"":432.7,""y"":-90.7,""z"":73.1},""ingame"":{""x"":30.2,""y"":19.7},""coordinates"":{""x"":30.518090820313,""y"":19.912084960937}}","30.2,19.7",[]
f92136ec6bdf4fe9d87d4e5bf6e1fb8bbca472bd,2016-11-19 14:00:50,0,Aetheryte,Aetheryte,53,21,43,"{""map"":{""id"":21,""folder"":""w1f2\/00"",""path"":""w1f2\/w1f2.00.png"",""region"":24,""placename"":43,""zone"":0,""size_factor"":100,""offset_x"":0,""offset_y"":0,""map_marker_range"":39,""hierarchy"":1,""territory_id"":141,""patch"":0},""position"":{""x"":-16.2,""y"":-166.6,""z"":0.3},""ingame"":{""x"":21.2,""y"":18.2},""coordinates"":{""x"":21.421728515625,""y"":18.374072265625}}","21.2,18.2",[]
fdeebabe7a526dede6356822b67f7eb31e660264,2016-12-25 01:14:14,0,Aetheryte,Aethernet Shard,49,12,29,"{""map"":{""id"":12,""folder"":""s1t2\/00"",""path"":""s1t2\/s1t2.00.png"",""region"":22,""placename"":29,""zone"":0,""size_factor"":200,""offset_x"":0,""offset_y"":0,""map_marker_range"":72,""hierarchy"":1,""territory_id"":129,""patch"":0},""position"":{""x"":-213.6,""y"":51.8,""z"":16.7},""ingame"":{""x"":7,""y"":12.3},""coordinates"":{""x"":7.0466796875,""y"":12.424658203125}}","7,12.3",[]
feb46f0b4383b6355bfb72b0ccd5d0a27b7b6b05,2017-05-27 14:19:17,0,Aetheryte,Aetheryte,19,23,45,"{""map"":{""id"":23,""folder"":""w1f4\/01"",""path"":""w1f4\/w1f4.01.png"",""region"":24,""placename"":45,""zone"":0,""size_factor"":100,""offset_x"":0,""offset_y"":0,""map_marker_range"":42,""hierarchy"":1,""territory_id"":146,""patch"":0},""position"":{""x"":-159.4,""y"":-415.5,""z"":30.1},""ingame"":{""x"":18.3,""y"":13.2},""coordinates"":{""x"":18.519970703125,""y"":13.330444335938}}","18.3,13.2",[]
fefa86d2fde6f5ae5daba00f8a36fc64f8487363,2016-11-15 19:27:57,0,Aetheryte,Aetheryte,14,18,33,"{""map"":{""id"":18,""folder"":""s1f4\/00"",""path"":""s1f4\/s1f4.00.png"",""region"":22,""placename"":33,""zone"":0,""size_factor"":100,""offset_x"":0,""offset_y"":0,""map_marker_range"":77,""hierarchy"":1,""territory_id"":138,""patch"":0},""position"":{""x"":260.9,""y"":218.5,""z"":-19.6},""ingame"":{""x"":26.7,""y"":25.9},""coordinates"":{""x"":27.036791992188,""y"":26.177612304688}}","26.7,25.9",[]
ffa6eb7135e872e28b6b26420062b2bcc7825cee,2016-11-17 14:28:47,0,Aetheryte,Aethernet Shard,67,197,1484,"{""map"":{""id"":197,""folder"":""w1ed\/00"",""path"":""w1ed\/w1ed.00.png"",""region"":24,""placename"":1484,""zone"":1500,""size_factor"":400,""offset_x"":0,""offset_y"":0,""map_marker_range"":148,""hierarchy"":1,""territory_id"":388,""patch"":0},""position"":{""x"":114.4,""y"":-38.9,""z"":13.6},""ingame"":{""x"":8.4,""y"":5.3},""coordinates"":{""x"":8.5056640625,""y"":5.3992431640625}}","8.4,5.3",[]
